{
  "model_name": "sgns",
  "accuracy": 0.6497368421052632,
  "f1_macro": 0.6478733543108925,
  "n_train": 120000,
  "n_test": 7600
}