{
  "model_name": "sgns",
  "accuracy": 0.48539473684210527,
  "f1_macro": 0.48237574113285675,
  "n_train": 120000,
  "n_test": 7600
}