{
  "model_name": "glove",
  "accuracy": 0.7648684210526315,
  "f1_macro": 0.7641088832589645,
  "n_train": 120000,
  "n_test": 7600
}