{
  "model_name": "sgns",
  "men": {
    "total_pairs": 3000,
    "used_pairs": 2271,
    "spearman": 0.15245667033081028
  },
  "msr": {
    "total_analogies": 8000,
    "used_analogies": 4318,
    "top_k": 1,
    "accuracy": 0.019453450671607225
  },
  "neighbors": {
    "man": [
      [
        "big",
        0.9129889011383057
      ],
      [
        "woman",
        0.8906944990158081
      ],
      [
        "girl",
        0.8854588270187378
      ],
      [
        "like",
        0.8563719987869263
      ],
      [
        "dress",
        0.8418844938278198
      ],
      [
        "dog",
        0.8404579162597656
      ],
      [
        "fun",
        0.8296862840652466
      ],
      [
        "perfect",
        0.8289816975593567
      ],
      [
        "boy",
        0.8240514993667603
      ],
      [
        "powerful",
        0.8161648511886597
      ]
    ],
    "woman": [
      [
        "bit",
        0.9052717685699463
      ],
      [
        "girl",
        0.9025273323059082
      ],
      [
        "man",
        0.8906944990158081
      ],
      [
        "powerful",
        0.8703591227531433
      ],
      [
        "person",
        0.8499707579612732
      ],
      [
        "simple",
        0.8473834991455078
      ],
      [
        "little",
        0.8417279720306396
      ],
      [
        "lot",
        0.837158203125
      ],
      [
        "young",
        0.8252280354499817
      ],
      [
        "means",
        0.8227621912956238
      ]
    ],
    "king": [
      [
        "queen",
        0.9186121225357056
      ],
      [
        "lord",
        0.8881077766418457
      ],
      [
        "mary",
        0.8598994016647339
      ],
      [
        "edward",
        0.8428364992141724
      ],
      [
        "president",
        0.8339067101478577
      ],
      [
        "son",
        0.8245611190795898
      ],
      [
        "master",
        0.8161208629608154
      ],
      [
        "christ",
        0.8148635625839233
      ],
      [
        "keats",
        0.8120492696762085
      ],
      [
        "god",
        0.80253005027771
      ]
    ],
    "queen": [
      [
        "edward",
        0.9222432374954224
      ],
      [
        "king",
        0.918612003326416
      ],
      [
        "mary",
        0.9089088439941406
      ],
      [
        "lord",
        0.8723428249359131
      ],
      [
        "jane",
        0.8539917469024658
      ],
      [
        "martin",
        0.8535517454147339
      ],
      [
        "captain",
        0.8529245853424072
      ],
      [
        "henry",
        0.8470505475997925
      ],
      [
        "chronicle",
        0.8442453742027283
      ],
      [
        "connor",
        0.8409242033958435
      ]
    ],
    "boy": [
      [
        "christmas",
        0.9187840223312378
      ],
      [
        "dance",
        0.906316339969635
      ],
      [
        "big",
        0.904839277267456
      ],
      [
        "pop",
        0.8767550587654114
      ],
      [
        "dress",
        0.8678576946258545
      ],
      [
        "titled",
        0.8662147521972656
      ],
      [
        "sweet",
        0.8640126585960388
      ],
      [
        "dog",
        0.8415000438690186
      ],
      [
        "dream",
        0.8373461365699768
      ],
      [
        "imagine",
        0.8344596028327942
      ]
    ],
    "girl": [
      [
        "dress",
        0.914164125919342
      ],
      [
        "dog",
        0.908170223236084
      ],
      [
        "woman",
        0.9025273323059082
      ],
      [
        "man",
        0.8854588270187378
      ],
      [
        "pretty",
        0.8818868398666382
      ],
      [
        "fun",
        0.873668909072876
      ],
      [
        "beautiful",
        0.8716043829917908
      ],
      [
        "big",
        0.870864987373352
      ],
      [
        "bad",
        0.8569638729095459
      ],
      [
        "guy",
        0.8551561832427979
      ]
    ],
    "france": [
      [
        "italy",
        0.9278337955474854
      ],
      [
        "scotland",
        0.9151703119277954
      ],
      [
        "germany",
        0.9098502397537231
      ],
      [
        "australia",
        0.8929572105407715
      ],
      [
        "europe",
        0.8814131021499634
      ],
      [
        "japan",
        0.8613567352294922
      ],
      [
        "london",
        0.845390260219574
      ],
      [
        "brazil",
        0.8241872787475586
      ],
      [
        "1928",
        0.8238251209259033
      ],
      [
        "wales",
        0.815621554851532
      ]
    ],
    "germany": [
      [
        "italy",
        0.9635831117630005
      ],
      [
        "japan",
        0.923870325088501
      ],
      [
        "switzerland",
        0.9204400181770325
      ],
      [
        "france",
        0.9098502397537231
      ],
      [
        "sweden",
        0.9013669490814209
      ],
      [
        "1935",
        0.8865208029747009
      ],
      [
        "1949",
        0.8861774802207947
      ],
      [
        "1928",
        0.8850493431091309
      ],
      [
        "1929",
        0.8840250968933105
      ],
      [
        "1905",
        0.8828259706497192
      ]
    ],
    "china": [
      [
        "brazil",
        0.919262170791626
      ],
      [
        "asia",
        0.9012367725372314
      ],
      [
        "texas",
        0.8957889080047607
      ],
      [
        "wyoming",
        0.8908668756484985
      ],
      [
        "california",
        0.8881851434707642
      ],
      [
        "nebraska",
        0.8817549347877502
      ],
      [
        "korea",
        0.8789145946502686
      ],
      [
        "township",
        0.8747048377990723
      ],
      [
        "veracruz",
        0.8667644262313843
      ],
      [
        "1928",
        0.8655071258544922
      ]
    ],
    "japan": [
      [
        "1949",
        0.9241717457771301
      ],
      [
        "germany",
        0.923870325088501
      ],
      [
        "1940",
        0.9219356179237366
      ],
      [
        "1953",
        0.9154214859008789
      ],
      [
        "1929",
        0.9112652540206909
      ],
      [
        "1927",
        0.9097146391868591
      ],
      [
        "1945",
        0.9079761505126953
      ],
      [
        "1952",
        0.9066089987754822
      ],
      [
        "1935",
        0.9060910940170288
      ],
      [
        "1909",
        0.9049872159957886
      ]
    ],
    "europe": [
      [
        "france",
        0.8814131021499634
      ],
      [
        "ireland",
        0.8774580955505371
      ],
      [
        "japan",
        0.8523972034454346
      ],
      [
        "australia",
        0.8495123386383057
      ],
      [
        "scotland",
        0.8471195101737976
      ],
      [
        "america",
        0.844987154006958
      ],
      [
        "germany",
        0.8359197378158569
      ],
      [
        "italy",
        0.8232559561729431
      ],
      [
        "summer",
        0.8074185252189636
      ],
      [
        "participated",
        0.7939813137054443
      ]
    ],
    "america": [
      [
        "ireland",
        0.8502962589263916
      ],
      [
        "mexico",
        0.8462092876434326
      ],
      [
        "europe",
        0.844987154006958
      ],
      [
        "county",
        0.8391402959823608
      ],
      [
        "southern",
        0.837026834487915
      ],
      [
        "northern",
        0.8194042444229126
      ],
      [
        "africa",
        0.805606484413147
      ],
      [
        "china",
        0.798973798751831
      ],
      [
        "texas",
        0.7961827516555786
      ],
      [
        "florida",
        0.794528603553772
      ]
    ],