{
  "model_name": "glove",
  "men": {
    "total_pairs": 3000,
    "used_pairs": 2091,
    "spearman": 0.26880148421440353
  },
  "msr": {
    "total_analogies": 8000,
    "used_analogies": 4078,
    "top_k": 1,
    "accuracy": 0.020843550760176556
  },
  "neighbors": {
    "man": [
      [
        "mega",
        0.734078049659729
      ],
      [
        "bass",
        0.6537472009658813
      ],
      [
        "woman",
        0.6214014291763306
      ],
      [
        "down",
        0.5947458148002625
      ],
      [
        "boss",
        0.5895117521286011
      ],
      [
        "another",
        0.5676886439323425
      ],
      [
        "who",
        0.5633262991905212
      ],
      [
        "bearded",
        0.5520824193954468
      ],
      [
        "person",
        0.5507102012634277
      ],
      [
        "proto",
        0.546399712562561
      ]
    ],
    "woman": [
      [
        "young",
        0.6968456506729126
      ],
      [
        "girl",
        0.661879301071167
      ],
      [
        "person",
        0.6535637378692627
      ],
      [
        "man",
        0.6214014291763306
      ],
      [
        "who",
        0.6041311025619507
      ],
      [
        "husband",
        0.5459022521972656
      ],
      [
        "her",
        0.545899510383606
      ],
      [
        "she",
        0.5208070874214172
      ],
      [
        "head",
        0.5182309150695801
      ],
      [
        "herself",
        0.5073041915893555
      ]
    ],
    "king": [
      [
        "henry",
        0.7417665719985962
      ],
      [
        "charles",
        0.6581985950469971
      ],
      [
        "edward",
        0.6558908224105835
      ],
      [
        "ii",
        0.6536896228790283
      ],
      [
        "son",
        0.6439900398254395
      ],
      [
        "william",
        0.6267860531806946
      ],
      [
        "james",
        0.6215802431106567
      ],
      [
        "john",
        0.59056556224823
      ],
      [
        "george",
        0.588782787322998
      ],
      [
        "odaenathus",
        0.5709907412528992
      ]
    ],
    "queen": [
      [
        "elizabeth",
        0.7131180763244629
      ],
      [
        "charlotte",
        0.7091107368469238
      ],
      [
        "gate",
        0.5704942345619202
      ],
      [
        "mary",
        0.5445117950439453
      ],
      [
        "victoria",
        0.5107734203338623
      ],
      [
        "jubilee",
        0.47213661670684814
      ],
      [
        "anne",
        0.4579809308052063
      ],
      [
        "daughter",
        0.457394540309906
      ],
      [
        "tunnel",
        0.4568873345851898
      ],
      [
        "monica",
        0.45215514302253723
      ]
    ],
    "boy": [
      [
        "big",
        0.6336081624031067
      ],
      [
        "wonder",
        0.5168712139129639
      ],
      [
        "scout",
        0.5142465829849243
      ],
      [
        "girl",
        0.5029140710830688
      ],
      [
        "game",
        0.49910205602645874
      ],
      [
        "yokoi",
        0.4610317051410675
      ],
      [
        "need",
        0.42821162939071655
      ],
      [
        "character",
        0.4279329776763916
      ],
      [
        "man",
        0.4201424717903137
      ],
      [
        "selected",
        0.4187488853931427
      ]
    ],
    "girl": [
      [
        "woman",
        0.661879301071167
      ],
      [
        "young",
        0.6150673627853394
      ],
      [
        "man",
        0.5434983968734741
      ],
      [
        "who",
        0.5358076691627502
      ],
      [
        "bad",
        0.5064045190811157
      ],
      [
        "boy",
        0.5029140710830688
      ],
      [
        "little",
        0.5011817812919617
      ],
      [
        "named",
        0.4798358678817749
      ],
      [
        "\"",
        0.47966304421424866
      ],
      [
        "daughter",
        0.47768133878707886
      ]
    ],
    "france": [
      [
        "germany",
        0.6865151524543762
      ],
      [
        "italy",
        0.6562421321868896
      ],
      [
        "spain",
        0.5739682912826538
      ],
      [
        "england",
        0.5552329421043396
      ],
      [
        "ireland",
        0.5548229217529297
      ],
      [
        "britain",
        0.5513182282447815
      ],
      [
        "scotland",
        0.5493773221969604
      ],
      [
        "paris",
        0.5448611974716187
      ],
      [
        "de",
        0.5182626843452454
      ],
      [
        "isle",
        0.5027272701263428
      ]
    ],
    "germany": [
      [
        "france",
        0.6865151524543762
      ],
      [
        "switzerland",
        0.6670421361923218
      ],
      [
        "italy",
        0.6591982245445251
      ],
      [
        "nazi",
        0.6042406558990479
      ],
      [
        "netherlands",
        0.5805490016937256
      ],
      [
        "belgium",
        0.548088788986206
      ],
      [
        "austria",
        0.5418400168418884
      ],
      [
        "united",
        0.5407274961471558
      ],
      [
        "russia",
        0.5193027257919312
      ],
      [
        "finland",
        0.5132319331169128
      ]
    ],
    "china": [
      [
        "northern",
        0.7240809202194214
      ],
      [
        "southern",
        0.6355907917022705
      ],
      [
        "western",
        0.532884955406189
      ],
      [
        "ireland",
        0.5254616141319275
      ],
      [
        "jin",
        0.5234474539756775
      ],
      [
        "south",
        0.4991619288921356
      ],
      [
        "japan",
        0.49782437086105347
      ],
      [
        "mozambique",
        0.4951460361480713
      ],
      [
        "terminus",
        0.4941824972629547
      ],
      [
        "hemisphere",
        0.4916771352291107
      ]
    ],
    "japan": [
      [
        "america",
        0.6015129089355469
      ],
      [
        "nintendo",
        0.5676488280296326
      ],
      [
        "europe",
        0.5590839385986328
      ],
      [
        "released",
        0.54616379737854
      ],
      [
        "tokyo",
        0.5340273380279541
      ],
      [
        "korea",
        0.5302488207817078
      ],
      [
        "in",
        0.5197341442108154
      ],
      [
        "australia",
        0.5152892470359802
      ],
      [
        "china",
        0.4978243410587311
      ],
      [
        "outside",
        0.4959366023540497
      ]
    ],
    "europe": [
      [
        "america",
        0.7481549978256226
      ],
      [
        "asia",
        0.6963525414466858
      ],
      [
        "continental",
        0.6650792956352234
      ],
      [
        "western",
        0.6495280265808105
      ],
      [
        "north",
        0.6069689989089966
      ],
      [
        "eastern",
        0.6039599180221558
      ],
      [
        "australia",
        0.6021117568016052
      ],
      [
        "parts",
        0.6003729104995728
      ],
      [
        "throughout",
        0.5989010334014893
      ],
      [
        "northern",
        0.5846409201622009
      ]
    ],
    "america": [
      [
        "europe",
        0.7481549978256226
      ],
      [
        "north",
        0.6569472551345825
      ],
      [
        "asia",
        0.6224575042724609
      ],
      [
        "recording",
        0.6139616370201111
      ],
      [
        "latin",
        0.613246738910675
      ],
      [
        "industry",
        0.611997663974762
      ],
      [
        "central",
        0.6047930717468262
      ],
      [
        "japan",
        0.6015129089355469
      ],
      [
        "eastern",
        0.5829267501831055
      ],
      [
        "south",
        0.5821987390518188
      ]
    ],