{
  "model_name": "sgns",
  "men": {
    "total_pairs": 3000,
    "used_pairs": 0,
    "spearman": NaN
  },
  "msr": {
    "total_analogies": 8000,
    "used_analogies": 0,
    "top_k": 1,
    "accuracy": NaN
  },
  "neighbors": {
    "japan": [
      [
        "is",
        0.8095734119415283
      ],
      [
        "outside",
        0.7468551993370056
      ],
      [
        "positive",
        0.7226611375808716
      ],
      [
        "2011",
        0.7223774194717407
      ],
      [
        "sales",
        0.6881076693534851
      ],
      [
        "localized",
        0.6632097959518433
      ],
      [
        "met",
        0.649762749671936
      ],
      [
        "january",
        0.6497441530227661
      ],
      [
        "referred",
        0.6485211253166199
      ],
      [
        ")",
        0.646220862865448
      ]
    ],
    "war": [
      [
        "europan",
        0.9040944576263428
      ],
      [
        "who",
        0.8816946148872375
      ],
      [
        "second",
        0.8797098398208618
      ],
      [
        "during",
        0.8683747053146362
      ],
      [
        "perform",
        0.8361559510231018
      ],
      [
        "gallia",
        0.8038164377212524
      ],
      [
        "secret",
        0.802821695804596
      ],
      [
        "operations",
        0.7972149848937988
      ],
      [
        "black",
        0.7767889499664307
      ],
      [
        "nation",
        0.7650525569915771
      ]
    ]
  }
}